1565252613611.log,1565252899618.log,1565253630567.log,1565254384251.log,1565255177642.log,1565318254171.log,1565321934230.log,1565322807374.log,1565322966334.log,1565323287974.log,1565325303443.log,1565328768769.log,1565329424516.log,1565329644692.log,1565330197712.log,1565334495609.log,1565335268041.log,
 0, 0, 0, 0, 0, 0, 0, 0, 0, 0, 0, 2.5, 0, 0, 0, 8685, 0,
 0, 0.5, 0, 0, 0, 0, 0, 10, 0, 5, 0, 11, 0, 0, 0, 9000, 0,
 0, 15.5, 0, 0, 0, 50, 0, 95, 25, 40, 0, 12, 0, 0, 55, 9230, 65,
 0, 100.5, 0, 85, 0, 125, 35, 185, 100, 115, 0, 57, 0.6, 70, 125, 9500, 140,
 0, 170.5, 0, 150, 5, 545, 130, 310, 165, 205, 260, 137, 0.6, 140, 200, 9630, 220,
 0, 250.5, 0, 190, 65, 625, 200, 400, 740, 300, 345, 222, 60.6, 310, 285, 9685, 295,
 0, 290.5, 0, 190, 95, 710, 275, 485, 820, 420, 685, 302, 135.6, 415, 380, 9710, 320,
 0, 485.5, 80, 190, 190, 790, 350, 555, 890, 515, 685, 417, 150.6, 480, 510, 9710, 490,
 75, 565.5, 145, 190, 285, 880, 455, 635, 965, 585, 745, 497, 150.6, 685, 585, 9725, 615,
 145, 655.5, 205, 190, 330, 960, 535, 710, 1155, 690, 830, 787, 150.6, 800, 660, 9830, 675,
 200, 1215.5, 285, 190, 335, 1095, 1030, 800, 1300, 785, 905, 877, 170.6, 895, 935, 9915, 675,
 275, 1775.5, 335, 190, 335, 1185, 1170, 950, 1380, 910, 990, 942, 260.6, 960, 1015, 10025, 675,
 350, 1840.5, 335, 190, 335, 1325, 1295, 1030, 1450, 985, 1065, 1002, 820.6, 1230, 1085, 10110, 720,
 450, 1890.5, 390, 220, 390, 1420, 1395, 1125, 1515, 1070, 1125, 1157, 905.6, 1310, 1215, 10170, 860,
 550, 1890.5, 390, 295, 415, 1515, 1490, 1200, 1645, 1240, 1185, 1442, 990.6, 1565, 1295, 10245, 930,
 635, 1890.5, 395, 655, 415, 1610, 1585, 1275, 1790, 1615, 1260, 1497, 1085.6, 1650, 1370, 10325, 1015,
 745, 1895.5, 455, 1015, 555, 1635, 1755, 1435, 2415, 1700, 1360, 1617, 1170.6, 1740, 1455, 10410, 1085,
 810, 1895.5, 590, 1090, 640, 1690, 1860, 1520, 2590, 1765, 1440, 1692, 1260.6, 1795, 1530, 10500, 1290,
 905, 1895.5, 830, 1125, 825, 1765, 1900, 1600, 2755, 1765, 1560, 1747, 1370.6, 1895, 1610, 10560, 1385,
 985, 1940.5, 910, 1165, 895, 1835, 1920, 1675, 2825, 1765, 1675, 2122, 1460.6, 1975, 1760, 10695, 1450,
 1065, 2065.5, 1455, 1165, 980, 1910, 1920, 1770, 2875, 1765, 1775, 2202, 1570.6, 3035, 1850, 11005, 1915,
 1140, 2205.5, 1540, 1165, 1055, 2030, 1920, 1880, 3175, 1820, 1860, 2342, 1685.6, 3145, 1930, 11095, 2005,
 1210, 2280.5, 1695, 1165, 1145, 2095, 1955, 1985, 3175, 1925, 2265, 2427, 2125.6, 3180, 2020, 11170, 2815,
 1320, 2385.5, 1785, 1165, 1465, 2180, 1955, 2060, 3175, 2005, 2325, 2517, 2305.6, 3180, 2105, 11315, 2895,
 1620, 2530.5, 1855, 1180, 1535, 2255, 1955, 2125, 3225, 2090, 2490, 2627, 2715.6, 3210, 2185, 11395, 2970,
 1705, 3145.5, 2005, 1255, 1800, 2380, 1980, 2215, 3225, 2175, 2570, 2702, 2855.6, 3265, 2450, 11575, 3045,
 1820, 3220.5, 2035, 1330, 1880, 2465, 1980, 2305, 3225, 2270, 2625, 2767, 2920.6, 4350, 2525, 11635, 3120,
 1895, 3290.5, 2130, 1400, 1955, 2535, 1995, 2450, 3235, 2355, 3220, 2877, 3005.6, 4430, 2620, 12050, 3290,
 1970, 3315.5, 2235, 1445, 2060, 2805, 1995, 2600, 3235, 2455, 3350, 2957, 3090.6, 4475, 2695, 12520, 3370,
 2095, 3315.5, 2325, 1480, 2115, 2880, 2050, 2680, 3305, 2560, 3385, 3037, 4045.6, 4490, 2770, 12645, 3465,
 2170, 3315.5, 2325, 1560, 2245, 2910, 2170, 2755, 3390, 2685, 3475, 3122, 4075.6, 4500, 2840, 12720, 3540,
 2255, 3370.5, 2325, 1605, 2640, 2985, 2250, 3320, 4965, 2840, 3545, 3187, 4080.6, 4500, 2910, 12835, 3605,
 2345, 3455.5, 2775, 1685, 2725, 3065, 2325, 3475, 5030, 3040, 3640, 3452, 4080.6, 4500, 2985, 12920, 3725,
 2410, 3465.5, 2830, 1755, 2870, 3190, 2425, 3515, 5110, 3130, 3710, 3552, 4080.6,, 3095, 13485, 4205,
 2490, 3565.5, 2905, 1780, 2950, 3255, 2530, 3515, 5205, 3220, 3790, 3697, 4080.6,, 3170, 13560, 4290,
 2565, 3635.5, 3160, 1850, 3030, 3355, 2620, 3530, 5280, 3300, 3860, 3777, 4080.6,, 3255, 13620, 4410,
 2680, 3650.5, 3375, 1915, 3125, 3435, 2695, 3625, 5395, 3370, 3940, 3842, 4080.6,, 3400, 13705, 4475,
 2755, 3655.5, 3450, 1970, 3260, 3510, 2770, 3725, 5455, 3440, 4020, 3957, 4080.6,, 3455, 13805, 4630,
 2840, 3670.5, 3540, 2040, 3335, 3580, 2880, 3825, 5555, 3520, 4100, 4542, 4080.6,, 3550, 13885, 4730,
 2975, 3680.5, 3755, 2115, 3405, 3670, 3175, 3905, 5560, 3595, 4170, 5292, 4080.6,, 3690, 13975, 4815,
 3055, 3680.5, 3895, 2185, 3430, 3870, 3660, 3975, 5560, 3710, 4245, 5327, 4080.6,, 4255, 14045, 4900,
 3130, 3685.5, 4045, 2300, 3535, 3945, 3660, 4060, 5560, 4000, 4325, 5327, 4080.6,, 4355, 14210, 5060,
 3200, 3765.5, 4195, 2380, 3605, 4105, 3660, 4140, 5560, 4085, 4420, 5327, 4080.6,, 4435, 14295, 5160,
 3295, 3835.5, 4225, 2455, 4050, 4185, 3705, 4215, 5560, 4185, 4495, 5402, 4080.6,, 4555, 14390, 5260,
 3385, 3915.5, 4250, 2530, 4125, 4260, 3800, 4300, 5560, 4270, 4565, 5507, 4080.6,, 4615, 14460, 5350,
 3940, 4170.5, 4350, 2605, 4390, 4405, 3895, 4395,, 4335, 4660, 5582, 4080.6,, 4875, 14540, 5425,
 4025, 4445.5, 4420, 2770, 4945, 4540, 4225, 4490,, 4420, 4740, 5682,,, 5015, 14625, 5900,
 4170, 4510.5, 4495, 2870, 5045, 5455, 4300, 4590,, 4495, 4820, 5757,,, 5155, 14750, 5965,
 4265, 4580.5, 4560, 2930, 5120, 5895, 4395, 4660,, 4565, 4905, 5832,,, 5560, 14820, 6110,
 4390, 4670.5, 4660, 3020, 5195, 5960, 4470, 4830,, 4885, 4975, 5912,,, 5615, 14910, 6200,
 4520, 4780.5, 4760, 3160, 5400, 6045, 4595, 5160,, 4995, 5545, 6002,,, 5735, 15370, 6275,
 4595, 4880.5, 4830, 3235, 5480, 6120, 4680, 5220,, 5080, 5615, 6107,,, 6585, 15840, 6345,
 4610, 4960.5, 4985, 3310, 5575, 6190, 4790, 5305,, 5160, 5690, 6197,,, 6705, 15915, 6485,
 4610, 5030.5, 5065, 3380, 5680, 6280, 4880, 5385,, 5300, 5760, 6287,,, 6790, 16015, 6555,
 4610, 5110.5, 5140, 3605, 5780, 6360, 4980, 5465,, 5455, 5890, 6397,,, 6865, 16100, 6645,
 4610, 5185.5, 5225, 3685, 5855, 6420, 5055, 5550,, 5540, 5970, 6472,,, 6935, 16260, 6735,
 4620, 5810.5, 5490, 3770, 5930, 6515, 5160, 5610,, 5615, 6070, 6542,,, 6990, 16440, 6825,
 4695, 5895.5, 5575, 3850, 6005, 6590, 5255, 5690,, 5690, 6665, 6902,,, 7085, 16555, 6910,
 4795, 6010.5, 5625, 3930, 6080, 6985, 5350, 5845,, 5765, 6725, 7132,,, 7160, 16635, 6965,
 4840, 6085.5, 5675, 3965, 6145, 7465, 5430, 5930,, 5930, 6810, 7332,,, 7260, 16725, 7065,
 4905, 6190.5, 5825, 4240, 6320, 7785, 5770, 6055,, 6010, 7195, 7422,,, 7455, 16815, 7230,
 5040, 6280.5, 5890, 4345, 6390, 7870, 5875, 6100,, 6070, 7300, 7512,,, 7805, 16890, 7350,
 5065, 6360.5, 6175, 4395, 6950, 8030, 6005, 6220,, 6200, 7390, 7557,,, 7900, 17015, 7435,
 5065, 6500.5, 6250, 4460, 7065, 8120, 6095, 6350,, 6275, 7490, 7612,,, 7985, 17085, 7505,
 5125, 6580.5, 6315, 4685, 7155, 8220, 6175, 6425,, 6360, 7610, 7747,,, 8075, 17170, 7580,
 5290, 6660.5, 6395, 4750, 7260, 8295, 6340, 6510,, 6435, 7685, 7962,,, 8140, 17245, 7660,
 5365, 6920.5, 6465, 4830, 7340, 8370, 6480, 6830,, 6530, 7750, 8527,,, 8165, 17320, 7740,
 5485, 7015.5, 6550, 4905, 7410, 8470, 6550, 6915,, 6620, 7810, 8532,,, 8170, 17385, 7810,
 5720, 7090.5, 6640, 4995, 7490, 8545, 6640, 7610,, 6935, 7810, 8532,,, 8235, 17510, 7880,
 5815, 7155.5, 6735, 5150, 7560, 8640, 6715, 7680,, 7010, 7810, 8582,,, 8335, 17595, 7955,
 6080, 7240.5, 6795, 5215, 7640, 8725, 6800, 7860,, 7085, 7810, 8632,,, 8405, 17655, 8055,
 6350, 7505.5, 6860, 5625, 7770, 8830, 6920, 8100,, 7150, 7810, 8632,,, 8485, 17735,,
 6430, 7565.5, 7015, 5710, 7855, 8950, 7035, 8245,, 7295, 7810,,,, 8565, 17840,,
 6500, 7640.5, 7105, 5905, 7930, 9030, 7100, 8310,, 7375, 7860,,,, 8635, 17930,,
 7035, 7755.5, 7200, 5975, 8005, 9150, 7190, 8390,, 7390, 7860,,,, 8710, 18410,,
 7065, 7830.5, 7280, 6090, 8080, 9265, 7250, 8540,, 7390, 7915,,,, 8775, 18490,,
 7180, 8945.5, 7355, 6225, 8245, 9355, 7355, 8605,, 7390, 7990,,,, 8880, 18600,,
 7220, 9010.5, 7430, 6345, 8325, 9435, 7565, 8685,, 7390, 8340,,,, 8980, 18695,,
 7300, 9010.5, 7815, 6420, 8380, 9490, 7660, 8760,, 7400, 8435,,,, 9095, 19140,,
 7465, 9035.5, 7890, 6495, 8610, 9490, 7750, 8890,, 7400, 8505,,,, 9170, 19220,,
 7505, 9035.5, 7965, 6565, 8700, 9490, 7850, 8990,, 7445, 8640,,,, 9250, 19300,,
 7555, 9035.5, 8040, 6640, 8770, 9490, 7930, 9065,, 7535, 8715,,,, 9350, 19380,,
 7645, 9035.5, 8205, 6770, 8845, 9515, 7995, 9290,, 7610, 8875,,,, 9605, 19495,,
 7715, 9035.5, 8255, 6845, 8930, 9585, 8075, 9360,, 7675, 9010,,,, 9680, 19560,,
 7770, 9035.5, 8340, 6930, 9080, 9685, 8155, 9455,, 7710, 9095,,,, 10075, 19640,,
 7850, 9035.5, 8410, 7005, 9160, 9770, 8235, 9550,, 7710, 9235,,,, 10520, 19905,,
 7915,, 8510, 7090, 9240, 9850, 8345, 9630,, 7710, 9310,,,, 10580, 19985,,
 8000,, 8670, 7160, 9315, 9935, 8440, 9705,,, 9425,,,, 10670, 20075,,
 8075,, 8735, 7235, 9385, 9935, 8515, 9780,,, 9505,,,, 10725, 20155,,
 8155,, 8825, 7300, 9460, 9935, 9085, 9855,,, 10710,,,, 10800, 20250,,
 8240,, 8965, 7300, 9570, 9935, 9355, 9940,,, 10790,,,, 10875, 20350,,
 8335,, 9060, 7300, 9645, 9935, 9425, 10025,,, 10800,,,, 10955, 20420,,
 8410,, 9135, 7300, 9725, 9940, 9575, 10095,,, 10800,,,, 11060, 20490,,
 8480,, 9175, 7300, 9810, 10010, 9670, 10170,,, 10800,,,, 11145, 20565,,
 8570,, 9175, 7300, 9885, 10110, 10040, 10250,,, 10800,,,, 11215, 20930,,
 8870,, 9175,, 9960, 10210, 10130, 10315,,, 10800,,,, 11320, 21390,,
 8870,, 9205,, 10035, 10275, 10210, 10390,,, 10800,,,, 11390, 21495,,
 8905,, 9235,, 10110, 10365, 10270, 10530,,, 10800,,,, 11475, 21595,,
 9270,, 9320,, 10475, 10455, 10350, 10630,,,,,,, 11580, 21675,,
 9375,, 9375,, 10590, 10535, 10350, 10700,,,,,,, 11665, 21760,,
 9460,, 9485,, 10665, 10615, 10360, 10790,,,,,,, 11735, 21845,,
 9495,, 9555,, 10830, 10680, 10360, 10865,,,,,,, 11825, 21910,,
 9605,, 9645,, 10865, 10750, 10360, 10945,,,,,,, 11905, 21985,,
 9660,, 9745,, 10865, 10845, 10360, 12000,,,,,,, 12015, 22080,,
 9860,, 9850,, 10865, 10960, 10360, 12080,,,,,,, 12060, 22155,,
 9940,, 9925,, 10865, 11305, 10425, 12150,,,,,,, 12060, 22210,,
 9990,, 10015,, 10890, 11630, 10520, 12505,,,,,,, 12135, 22215,,
 10090,, 10025,, 11000, 11710, 10600, 12665,,,,,,, 12135, 22245,,
 10155,, 10080,, 11120, 11785, 10670, 12765,,,,,,, 12175, 22320,,
 10225,, 10160,, 11165, 11855, 10765, 12855,,,,,,, 12175, 22390,,
 10230,, 10295,, 11165, 11935, 10900, 12925,,,,,,, 12185, 22495,,
 10230,, 11025,, 11170, 11970, 10975, 13020,,,,,,, 12185, 22570,,
 10230,, 11135,, 11215, 12000, 11045, 13130,,,,,,, 12185, 22645,,
 10230,, 11195,, 11220, 12100, 11455, 13220,,,,,,, 12255, 22720,,
 10230,, 11285,, 11245, 12300, 11560, 13345,,,,,,, 12320, 22780,,
,, 11340,, 11245, 12310, 11640, 13420,,,,,,, 12405, 22880,,
,, 11420,, 11310, 12310, 11760, 13495,,,,,,, 12480, 22970,,
,, 11515,, 11380, 12310, 11835, 13575,,,,,,, 12560, 23050,,
,, 11595,, 11485, 12310, 11905, 13640,,,,,,, 12635, 23155,,
,, 11665,, 11555, 12310, 12030, 13740,,,,,,, 12705, 23240,,
,, 11765,, 11630, 12310, 12115, 13810,,,,,,, 12780, 23550,,
,, 11825,, 12095, 12710, 12260, 13895,,,,,,, 12865, 23635,,
,, 11945,, 12395, 12710, 12330, 13950,,,,,,, 13130, 23715,,
,, 12210,, 12475, 13275, 12410, 14130,,,,,,, 13205, 24195,,
,, 12285,, 12740, 13325, 12475, 14200,,,,,,, 13315, 24615,,
,, 12390,, 12805, 13400, 12555, 14285,,,,,,, 13385, 24820,,
,, 12455,, 12890, 14205, 12635, 14385,,,,,,, 13845, 24920,,
,, 12555,, 13015, 14280, 12705, 14465,,,,,,, 14510, 24980,,
,, 12650,, 13060, 14355, 12780, 14585,,,,,,, 14570, 25085,,
,, 12670,, 13060, 14430, 13080, 14665,,,,,,, 14660, 25170,,
,, 12670,, 13060, 14490, 13170, 14745,,,,,,, 14745, 25245,,
,, 12670,, 13135, 14555, 13225, 14820,,,,,,, 15305, 25335,,
,, 12670,, 13245, 14625, 13310, 14880,,,,,,, 15455, 25415,,
,, 12670,, 13770, 14700, 13420, 14915,,,,,,, 15525, 25475,,
,, 12670,, 13825, 14775, 13505, 14930,,,,,,, 15595, 25585,,
,, 12670,, 13890, 14830, 13570, 15005,,,,,,, 15665, 25690,,
,, 13195,, 13975, 14970, 13850, 15075,,,,,,, 15805, 25790,,
,, 13245,, 14100, 15040, 13930, 15170,,,,,,, 16025, 25875,,
,, 13325,, 14470, 15180, 14005, 15250,,,,,,, 16105, 25945,,
,, 13360,, 14550, 15255, 14610, 15320,,,,,,, 16180, 26020,,
,, 13360,, 14630, 15330, 14675, 15390,,,,,,, 16325, 26570,,
,, 13360,, 14740, 15410, 14675, 15455,,,,,,, 16410, 26650,,
,, 13480,, 14810, 15485, 14675, 15540,,,,,,, 16410, 26740,,
,, 13545,, 14925, 15565, 14675, 15625,,,,,,, 16410, 26820,,
,, 14120,, 15015, 15730, 15685, 15735,,,,,,, 16410, 26895,,
,, 14195,, 15095, 15790, 15815, 15835,,,,,,, 16410, 26965,,
,, 14905,, 15870, 15875, 15925, 15945,,,,,,, 16610, 27075,,
,, 15275,, 15925, 16015, 16045, 16015,,,,,,, 16650, 27135,,
,, 15345,, 16045, 16090, 16120, 16100,,,,,,, 16855, 27255,,
,, 15435,, 16120, 16155, 16220, 16130,,,,,,, 17035, 27335,,
,, 15505,, 16180, 16195, 16370, 16130,,,,,,, 17155, 27455,,
,, 15585,, 16265, 16555, 16540, 16130,,,,,,, 17195, 27545,,
,, 15640,, 16345, 16630, 16600,,,,,,,, 17195, 27620,,
,, 15730,, 17000, 16705, 16745,,,,,,,, 17225, 27700,,
,, 15730,, 17045, 16760, 16870,,,,,,,, 17255, 27910,,
,, 15730,, 17485, 17420, 16935,,,,,,,, 17290, 27970,,
,, 15730,, 17560, 17475, 17045,,,,,,,, 17430, 28080,,
,, 15730,, 17630, 17515, 17125,,,,,,,, 17540, 28165,,
,, 15730,, 17685, 17575, 17210,,,,,,,, 17605, 28230,,
,, 15730,, 17765, 17630, 17480,,,,,,,, 17695, 28360,,
,, 15730,, 17810, 17705, 17545,,,,,,,, 17805, 28435,,
,, 15730,, 17910, 17745, 17810,,,,,,,, 17860, 28510,,
,, 15740,, 17980, 17745, 18420,,,,,,,, 18025, 28580,,
,, 15810,, 18075, 17745, 18495,,,,,,,, 18145, 28695,,
,, 15905,, 18150, 18045, 18570,,,,,,,, 18240, 28780,,
,, 15980,, 18220, 18045, 18645,,,,,,,, 18300, 28850,,
,, 16050,, 18300, 18045, 18755,,,,,,,, 18340, 28920,,
,, 16315,, 18415, 18510, 18830,,,,,,,, 18340, 29065,,
,, 16575,, 18880, 18510, 19090,,,,,,,, 18340, 29150,,
,, 17340,, 18975, 18510, 19440,,,,,,,, 18380, 29225,,
,, 17415,, 19040, 18510, 19705,,,,,,,, 18440, 29320,,
,, 17490,, 19120, 18510, 20075,,,,,,,, 18885, 29395,,
,, 17555,, 19185, 18510, 20165,,,,,,,, 18995, 29480,,
,, 17635,, 19295, 18510, 20270,,,,,,,, 19130, 29550,,
,, 17715,, 19375, 18510, 20330,,,,,,,, 19215, 30110,,
,, 18065,, 19445, 18510, 20420,,,,,,,, 19320, 30205,,
,, 18145,, 19530, 18510, 20480,,,,,,,, 19405, 30285,,
,, 18145,, 19605, 18510, 20560,,,,,,,, 19490, 30355,,
,, 18870,, 19680, 18510, 20705,,,,,,,, 19585, 30430,,
,, 19370,, 19790, 18510, 20780,,,,,,,, 19635, 30510,,
,, 19495,, 19880, 18510, 20870,,,,,,,, 19725, 30605,,
,, 19495,, 19960, 18510, 20935,,,,,,,, 19805, 30675,,
,, 19545,, 20035, 18510, 21015,,,,,,,, 19890, 30765,,
,, 19635,, 20135, 20010, 21115,,,,,,,, 20010, 31225,,
,, 19715,, 20675, 20010, 21190,,,,,,,, 20090, 31450,,
,, 20200,, 20760, 20010, 21260,,,,,,,, 20170, 31545,,
,, 20200,, 20825, 20010, 21670,,,,,,,, 20345, 31635,,
,, 20200,, 20900, 20010, 21760,,,,,,,, 20435, 31805,,
,, 20200,, 21615, 20010, 21870,,,,,,,, 20485, 31900,,
,, 20200,, 21685, 20010, 21950,,,,,,,, 20635, 31975,,
,, 20200,, 21760, 20010, 22020,,,,,,,, 20750, 32085,,
,, 20200,, 21815, 20010, 22140,,,,,,,, 20815, 33345,,
,, 20200,, 21850, 20010, 22215,,,,,,,, 21310, 33435,,
,, 20200,, 22590, 20010, 22710,,,,,,,, 21405, 33585,,
,,,, 22665, 20260, 22800,,,,,,,, 21480, 33695,,
,,,, 22685, 20260, 22875,,,,,,,, 21570, 34085,,
,,,, 22760, 20560, 22955,,,,,,,, 21640, 34165,,
,,,, 22855, 20560, 23030,,,,,,,, 21725, 34260,,
,,,, 23450, 20560, 23110,,,,,,,, 21790, 42425,,
,,,, 23530, 20560, 24565,,,,,,,, 22095, 42545,,
,,,, 23625, 20560, 24635,,,,,,,, 22470, 64350,,
,,,, 23790, 20560, 24670,,,,,,,, 23175, 64440,,
,,,, 23825, 20560, 24670,,,,,,,, 23230, 64535,,
,,,, 23825, 20560, 24670,,,,,,,, 23275, 64600,,
,,,, 23835, 20560,,,,,,,,, 23325, 64755,,
,,,, 23860, 20560,,,,,,,,, 23385, 64835,,
,,,, 23880, 20560,,,,,,,,, 23445, 64925,,
,,,, 23920, 20560,,,,,,,,, 23515, 65035,,
,,,, 23925, 20560,,,,,,,,, 23600, 65110,,
,,,, 23980, 20560,,,,,,,,, 23680, 65200,,
,,,, 24020, 20560,,,,,,,,, 23770, 65200,,
,,,, 24035, 20560,,,,,,,,, 23875, 65200,,
,,,, 24050, 20560,,,,,,,,, 24035, 65220,,
,,,, 24070, 20560,,,,,,,,, 24115, 65340,,
,,,, 24105, 20560,,,,,,,,, 24215, 65420,,
,,,, 24110, 20560,,,,,,,,, 24280, 65520,,
,,,, 24125, 20560,,,,,,,,, 24400, 65595,,
,,,, 24200, 20560,,,,,,,,, 24475, 65665,,
,,,, 24230, 20560,,,,,,,,, 24830, 65730,,
,,,, 24285, 20560,,,,,,,,, 24950, 65820,,
,,,, 24350, 20570,,,,,,,,, 25050, 65915,,
,,,, 24400, 20720,,,,,,,,, 25135, 66005,,
,,,, 24500, 20870,,,,,,,,, 25605, 66090,,
,,,, 24580, 20980,,,,,,,,, 25725, 66210,,
,,,, 24655, 21140,,,,,,,,, 25790, 66290,,
,,,, 24740, 21240,,,,,,,,, 26345, 66360,,
,,,, 24815, 21390,,,,,,,,, 26480, 66435,,
,,,, 24895, 22720,,,,,,,,, 26595, 66495,,
,,,, 25210, 22870,,,,,,,,, 26665, 66725,,
,,,, 25230, 25530,,,,,,,,, 26735, 66795,,
,,,, 25295, 26710,,,,,,,,, 26835, 66990,,
,,,, 25370, 27890,,,,,,,,, 26905, 67055,,
,,,, 25445, 30870,,,,,,,,, 26975, 67085,,
,,,, 25540, 31010,,,,,,,,, 27080, 67275,,
,,,, 26115, 31010,,,,,,,,, 27205, 67350,,
,,,, 26200, 31010,,,,,,,,, 27290, 67500,,
,,,, 26275, 31010,,,,,,,,, 27370, 67590,,
,,,, 26400, 31010,,,,,,,,, 27475, 67665,,
,,,, 26475, 31010,,,,,,,,, 27765, 68025,,
,,,, 26620, 31010,,,,,,,,, 27840, 68150,,
,,,, 26705, 31010,,,,,,,,, 27910, 68225,,
,,,, 26775, 31010,,,,,,,,, 27985, 68335,,
,,,, 26865, 31010,,,,,,,,, 28065, 68425,,
,,,, 26945, 31010,,,,,,,,, 28140, 68505,,
,,,, 27020, 31010,,,,,,,,, 28220, 68615,,
,,,, 27090, 31010,,,,,,,,, 28290, 68755,,
,,,, 27170, 31090,,,,,,,,, 28350, 68825,,
,,,, 27270, 31240,,,,,,,,, 28455, 68990,,
,,,, 27365, 31390,,,,,,,,, 28515, 69070,,
,,,, 27870, 31540,,,,,,,,, 28675, 69145,,
,,,, 27945, 31690,,,,,,,,, 28745, 69230,,
,,,, 28685, 31740,,,,,,,,, 28865, 69300,,
,,,, 28755, 31740,,,,,,,,, 28950, 69385,,
,,,, 29810, 31740,,,,,,,,, 29025, 69460,,
,,,, 29850, 31740,,,,,,,,, 29100, 69545,,
,,,, 29850, 31740,,,,,,,,, 29180, 69630,,
,,,,, 31740,,,,,,,,, 29195, 69720,,
,,,,, 31740,,,,,,,,, 29195, 69805,,
,,,,, 31740,,,,,,,,, 29220, 69905,,
,,,,, 31770,,,,,,,,, 29280, 69985,,
,,,,, 32950,,,,,,,,, 29355, 70080,,
,,,,, 33130,,,,,,,,, 29420, 70165,,
,,,,, 33430,,,,,,,,, 29450, 70245,,
,,,,, 33730,,,,,,,,, 29525, 70470,,
,,,,, 35190,,,,,,,,, 29610, 70560,,
,,,,, 35490,,,,,,,,, 29690, 70630,,
,,,,, 35830,,,,,,,,, 29780, 70695,,
,,,,, 35830,,,,,,,,, 29845, 70835,,
,,,,, 35830,,,,,,,,, 29965, 70900,,
,,,,, 35830,,,,,,,,, 30045, 70985,,
,,,,, 35830,,,,,,,,, 30150, 71060,,
,,,,, 35830,,,,,,,,, 30220, 71120,,
,,,,, 35830,,,,,,,,, 30320, 71495,,
,,,,, 35830,,,,,,,,, 30655, 71570,,
,,,,, 35830,,,,,,,,, 30730, 71635,,
,,,,, 35830,,,,,,,,, 30880, 71715,,
,,,,, 35830,,,,,,,,, 31205, 71825,,
,,,,, 35830,,,,,,,,, 31290, 71995,,
,,,,, 35830,,,,,,,,, 31370, 72080,,
,,,,, 35830,,,,,,,,, 31465, 72170,,
,,,,, 35830,,,,,,,,, 31615, 72325,,
,,,,, 35830,,,,,,,,, 31970, 72395,,
,,,,, 35830,,,,,,,,, 32535, 72475,,
,,,,,,,,,,,,,, 32675, 72595,,
,,,,,,,,,,,,,, 32755, 72670,,
,,,,,,,,,,,,,, 32840, 72750,,
,,,,,,,,,,,,,, 33115, 72865,,
,,,,,,,,,,,,,, 33220, 72940,,
,,,,,,,,,,,,,, 33300, 73030,,
,,,,,,,,,,,,,, 33375, 73140,,
,,,,,,,,,,,,,, 33435, 73235,,
,,,,,,,,,,,,,, 33520, 73340,,
,,,,,,,,,,,,,, 33605, 73415,,
,,,,,,,,,,,,,, 33680, 73525,,
,,,,,,,,,,,,,, 33740, 73600,,
,,,,,,,,,,,,,, 33825, 73705,,
,,,,,,,,,,,,,, 34040, 73815,,
,,,,,,,,,,,,,, 34120, 74435,,
,,,,,,,,,,,,,, 34190, 74515,,
,,,,,,,,,,,,,, 34315, 74585,,
,,,,,,,,,,,,,, 34390, 74665,,
,,,,,,,,,,,,,, 34480, 74800,,
,,,,,,,,,,,,,, 34655, 74910,,
,,,,,,,,,,,,,, 34735, 75065,,
,,,,,,,,,,,,,, 35010, 75145,,
,,,,,,,,,,,,,, 35100, 75460,,
,,,,,,,,,,,,,, 35175, 75565,,
,,,,,,,,,,,,,, 35260, 75660,,
,,,,,,,,,,,,,, 35335, 75730,,
,,,,,,,,,,,,,, 35440, 75820,,
,,,,,,,,,,,,,, 35510, 75820,,
,,,,,,,,,,,,,, 35610, 75875,,
,,,,,,,,,,,,,, 35710, 75950,,
,,,,,,,,,,,,,, 35790, 76030,,
,,,,,,,,,,,,,, 37665, 76105,,
,,,,,,,,,,,,,, 37755, 76190,,
,,,,,,,,,,,,,, 37830, 76250,,
,,,,,,,,,,,,,, 37905, 76325,,
,,,,,,,,,,,,,, 37980, 76390,,
,,,,,,,,,,,,,, 38060, 76490,,
,,,,,,,,,,,,,, 38130, 76580,,
,,,,,,,,,,,,,, 38345, 76675,,
,,,,,,,,,,,,,, 38415, 76765,,
,,,,,,,,,,,,,, 38525, 76840,,
,,,,,,,,,,,,,, 38560, 76920,,
,,,,,,,,,,,,,, 38560, 77000,,
,,,,,,,,,,,,,, 38560, 77155,,
,,,,,,,,,,,,,, 38885, 77240,,
,,,,,,,,,,,,,, 38930, 77305,,
,,,,,,,,,,,,,, 39005, 77365,,
,,,,,,,,,,,,,, 39005, 77465,,
,,,,,,,,,,,,,, 39025, 77540,,
,,,,,,,,,,,,,, 39090, 77600,,
,,,,,,,,,,,,,, 39165, 77880,,
,,,,,,,,,,,,,, 39230, 77960,,
,,,,,,,,,,,,,, 39320, 78050,,
,,,,,,,,,,,,,, 39415, 78355,,
,,,,,,,,,,,,,, 39475, 78430,,
,,,,,,,,,,,,,, 39570, 78510,,
,,,,,,,,,,,,,, 39655, 78580,,
,,,,,,,,,,,,,, 39735, 78645,,
,,,,,,,,,,,,,, 39810, 78730,,
,,,,,,,,,,,,,, 39880, 78805,,
,,,,,,,,,,,,,, 39950, 78915,,
,,,,,,,,,,,,,, 40075, 79000,,
,,,,,,,,,,,,,, 40160, 79070,,
,,,,,,,,,,,,,, 40240, 79210,,
,,,,,,,,,,,,,, 40315, 79210,,
,,,,,,,,,,,,,, 40380, 79210,,
,,,,,,,,,,,,,, 40505, 79210,,
,,,,,,,,,,,,,, 40625, 79410,,
,,,,,,,,,,,,,, 40720, 79410,,
,,,,,,,,,,,,,, 40820, 79570,,
,,,,,,,,,,,,,, 40930, 79645,,
,,,,,,,,,,,,,, 41070, 79645,,
,,,,,,,,,,,,,, 41135, 79685,,
,,,,,,,,,,,,,, 41145, 79760,,
,,,,,,,,,,,,,, 41145, 79870,,
,,,,,,,,,,,,,, 41145, 80160,,
,,,,,,,,,,,,,, 41145, 80225,,
,,,,,,,,,,,,,, 41200, 80295,,
,,,,,,,,,,,,,, 41670, 80770,,
,,,,,,,,,,,,,, 41760, 80840,,
,,,,,,,,,,,,,, 41810, 80915,,
,,,,,,,,,,,,,, 41870, 80995,,
,,,,,,,,,,,,,, 42005, 81060,,
,,,,,,,,,,,,,, 42080, 81635,,
,,,,,,,,,,,,,, 42100, 81720,,
,,,,,,,,,,,,,, 42145, 81805,,
,,,,,,,,,,,,,, 42210, 81980,,
,,,,,,,,,,,,,, 42250, 82060,,
,,,,,,,,,,,,,, 42280, 82130,,
,,,,,,,,,,,,,, 42290, 82205,,
,,,,,,,,,,,,,, 42295, 82300,,
,,,,,,,,,,,,,, 42300, 82365,,
,,,,,,,,,,,,,, 42305, 82445,,
,,,,,,,,,,,,,, 42325, 82530,,
,,,,,,,,,,,,,, 42390, 82615,,
,,,,,,,,,,,,,, 42455, 82695,,
,,,,,,,,,,,,,, 42720, 82770,,
,,,,,,,,,,,,,, 42790, 82850,,
,,,,,,,,,,,,,, 42925, 82995,,
,,,,,,,,,,,,,, 43040, 83555,,
,,,,,,,,,,,,,, 43110, 83625,,
,,,,,,,,,,,,,, 43180, 83780,,
,,,,,,,,,,,,,, 43305, 83855,,
,,,,,,,,,,,,,, 43390, 83940,,
,,,,,,,,,,,,,, 43465, 84010,,
,,,,,,,,,,,,,, 43540, 84175,,
,,,,,,,,,,,,,, 43610, 84240,,
,,,,,,,,,,,,,, 43730, 84325,,
,,,,,,,,,,,,,, 43800, 84425,,
,,,,,,,,,,,,,, 43800, 84500,,
,,,,,,,,,,,,,, 43800, 84600,,
,,,,,,,,,,,,,, 43800, 104395,,
,,,,,,,,,,,,,, 43800, 104430,,
,,,,,,,,,,,,,, 43835, 104660,,
,,,,,,,,,,,,,, 43835, 105000,,
,,,,,,,,,,,,,, 43835, 105085,,
,,,,,,,,,,,,,, 43910, 105180,,
,,,,,,,,,,,,,, 43985, 105265,,
,,,,,,,,,,,,,, 43995, 105350,,
,,,,,,,,,,,,,, 44315, 105375,,
,,,,,,,,,,,,,, 44405, 105495,,
,,,,,,,,,,,,,, 44475, 105770,,
,,,,,,,,,,,,,, 44575, 105850,,
,,,,,,,,,,,,,, 44650, 105930,,
,,,,,,,,,,,,,, 44725, 106005,,
,,,,,,,,,,,,,, 44800, 106070,,
,,,,,,,,,,,,,, 44895, 106160,,
,,,,,,,,,,,,,, 44965, 106245,,
,,,,,,,,,,,,,, 45060, 106320,,
,,,,,,,,,,,,,, 45140, 106395,,
,,,,,,,,,,,,,, 45210, 106430,,
,,,,,,,,,,,,,, 45385, 106430,,
,,,,,,,,,,,,,, 46150, 106430,,
,,,,,,,,,,,,,, 46215, 106495,,
,,,,,,,,,,,,,, 46280, 106595,,
,,,,,,,,,,,,,, 46420, 106710,,
,,,,,,,,,,,,,, 46515, 106780,,
,,,,,,,,,,,,,, 46575, 106855,,
,,,,,,,,,,,,,, 46655, 106920,,
,,,,,,,,,,,,,, 46820, 106990,,
,,,,,,,,,,,,,, 46895, 107090,,
,,,,,,,,,,,,,, 46970, 107180,,
,,,,,,,,,,,,,, 47065, 107255,,
,,,,,,,,,,,,,, 47145, 107340,,
,,,,,,,,,,,,,, 47215, 107455,,
,,,,,,,,,,,,,, 47295, 107525,,
,,,,,,,,,,,,,, 47375, 107845,,
,,,,,,,,,,,,,, 47755, 107895,,
,,,,,,,,,,,,,, 47845, 108230,,
,,,,,,,,,,,,,, 47925, 108300,,
,,,,,,,,,,,,,, 48005, 108460,,
,,,,,,,,,,,,,, 48085, 108550,,
,,,,,,,,,,,,,, 48160, 108615,,
,,,,,,,,,,,,,, 48250, 108730,,
,,,,,,,,,,,,,, 48615, 109145,,
,,,,,,,,,,,,,, 48680, 109255,,
,,,,,,,,,,,,,, 48800, 109360,,
,,,,,,,,,,,,,, 48900, 109425,,
,,,,,,,,,,,,,, 48970, 109500,,
,,,,,,,,,,,,,, 49090, 109575,,
,,,,,,,,,,,,,, 49170, 109715,,
,,,,,,,,,,,,,, 49335, 110095,,
,,,,,,,,,,,,,, 49410, 110170,,
,,,,,,,,,,,,,, 49515, 110250,,
,,,,,,,,,,,,,, 49640, 110350,,
,,,,,,,,,,,,,, 49660, 110420,,
,,,,,,,,,,,,,, 49660, 110505,,
,,,,,,,,,,,,,, 49660, 110585,,
,,,,,,,,,,,,,, 49660, 110655,,
,,,,,,,,,,,,,, 49660, 110745,,
,,,,,,,,,,,,,, 49660, 110815,,
,,,,,,,,,,,,,, 49660, 110890,,
,,,,,,,,,,,,,, 49660, 111005,,
,,,,,,,,,,,,,, 49660, 111595,,
,,,,,,,,,,,,,, 49660, 111750,,
,,,,,,,,,,,,,, 49660, 111835,,
,,,,,,,,,,,,,,, 111910,,
,,,,,,,,,,,,,,, 111985,,
,,,,,,,,,,,,,,, 112080,,
,,,,,,,,,,,,,,, 112145,,
,,,,,,,,,,,,,,, 112255,,
,,,,,,,,,,,,,,, 112340,,
,,,,,,,,,,,,,,, 112420,,
,,,,,,,,,,,,,,, 112505,,
,,,,,,,,,,,,,,, 112580,,
,,,,,,,,,,,,,,, 112670,,
,,,,,,,,,,,,,,, 113170,,
,,,,,,,,,,,,,,, 113240,,
,,,,,,,,,,,,,,, 113345,,
,,,,,,,,,,,,,,, 113400,,
,,,,,,,,,,,,,,, 113535,,
,,,,,,,,,,,,,,, 114010,,
,,,,,,,,,,,,,,, 114125,,
,,,,,,,,,,,,,,, 114395,,
,,,,,,,,,,,,,,, 114485,,
,,,,,,,,,,,,,,, 114550,,
,,,,,,,,,,,,,,, 114645,,
,,,,,,,,,,,,,,, 114740,,
,,,,,,,,,,,,,,, 114945,,
,,,,,,,,,,,,,,, 115070,,
,,,,,,,,,,,,,,, 115310,,
,,,,,,,,,,,,,,, 115370,,
,,,,,,,,,,,,,,, 115460,,
,,,,,,,,,,,,,,, 115550,,
,,,,,,,,,,,,,,, 115635,,
,,,,,,,,,,,,,,, 115725,,
,,,,,,,,,,,,,,, 115805,,
,,,,,,,,,,,,,,, 115880,,
,,,,,,,,,,,,,,, 115950,,
,,,,,,,,,,,,,,, 116030,,
,,,,,,,,,,,,,,, 116095,,
,,,,,,,,,,,,,,, 116195,,
,,,,,,,,,,,,,,, 116265,,
,,,,,,,,,,,,,,, 116345,,
,,,,,,,,,,,,,,, 116410,,
,,,,,,,,,,,,,,, 116485,,
,,,,,,,,,,,,,,, 116555,,
,,,,,,,,,,,,,,, 116640,,
,,,,,,,,,,,,,,, 116830,,
,,,,,,,,,,,,,,, 116905,,
,,,,,,,,,,,,,,, 117000,,
,,,,,,,,,,,,,,, 117085,,
,,,,,,,,,,,,,,, 117155,,
,,,,,,,,,,,,,,, 117255,,
,,,,,,,,,,,,,,, 117335,,
,,,,,,,,,,,,,,, 117455,,
,,,,,,,,,,,,,,, 117530,,
,,,,,,,,,,,,,,, 117645,,
,,,,,,,,,,,,,,, 117715,,
,,,,,,,,,,,,,,, 117850,,
,,,,,,,,,,,,,,, 117860,,
,,,,,,,,,,,,,,, 117895,,
,,,,,,,,,,,,,,, 117975,,
,,,,,,,,,,,,,,, 118035,,
,,,,,,,,,,,,,,, 118125,,
,,,,,,,,,,,,,,, 118210,,
,,,,,,,,,,,,,,, 118270,,
,,,,,,,,,,,,,,, 118270,,
,,,,,,,,,,,,,,, 118270,,
,,,,,,,,,,,,,,, 118275,,
,,,,,,,,,,,,,,, 118370,,
,,,,,,,,,,,,,,, 118455,,
,,,,,,,,,,,,,,, 118555,,
,,,,,,,,,,,,,,, 118640,,
,,,,,,,,,,,,,,, 118710,,
,,,,,,,,,,,,,,, 118980,,
,,,,,,,,,,,,,,, 119060,,
,,,,,,,,,,,,,,, 119125,,
,,,,,,,,,,,,,,, 119340,,
,,,,,,,,,,,,,,, 119535,,
,,,,,,,,,,,,,,, 119645,,
,,,,,,,,,,,,,,, 119720,,
,,,,,,,,,,,,,,, 119825,,
,,,,,,,,,,,,,,, 120010,,
,,,,,,,,,,,,,,, 120065,,
,,,,,,,,,,,,,,, 120165,,
,,,,,,,,,,,,,,, 120250,,
,,,,,,,,,,,,,,, 120315,,
,,,,,,,,,,,,,,, 120390,,
,,,,,,,,,,,,,,, 120470,,
,,,,,,,,,,,,,,, 120560,,
,,,,,,,,,,,,,,, 120630,,
,,,,,,,,,,,,,,, 121055,,
,,,,,,,,,,,,,,, 121240,,
,,,,,,,,,,,,,,, 121430,,
,,,,,,,,,,,,,,, 121520,,
,,,,,,,,,,,,,,, 121610,,
,,,,,,,,,,,,,,, 121685,,
,,,,,,,,,,,,,,, 121760,,
,,,,,,,,,,,,,,, 121845,,
,,,,,,,,,,,,,,, 121910,,
,,,,,,,,,,,,,,, 122015,,
,,,,,,,,,,,,,,, 122110,,
,,,,,,,,,,,,,,, 122175,,
,,,,,,,,,,,,,,, 122255,,
,,,,,,,,,,,,,,, 122520,,
,,,,,,,,,,,,,,, 122605,,
,,,,,,,,,,,,,,, 122725,,
,,,,,,,,,,,,,,, 122835,,
,,,,,,,,,,,,,,, 123155,,
,,,,,,,,,,,,,,, 123235,,
,,,,,,,,,,,,,,, 123335,,
,,,,,,,,,,,,,,, 123735,,
,,,,,,,,,,,,,,, 123830,,
,,,,,,,,,,,,,,, 123905,,
,,,,,,,,,,,,,,, 123995,,
,,,,,,,,,,,,,,, 124060,,
,,,,,,,,,,,,,,, 124135,,
,,,,,,,,,,,,,,, 124205,,
,,,,,,,,,,,,,,, 124280,,
,,,,,,,,,,,,,,, 124355,,
,,,,,,,,,,,,,,, 124430,,
,,,,,,,,,,,,,,, 124510,,
,,,,,,,,,,,,,,, 124585,,
,,,,,,,,,,,,,,, 124650,,
,,,,,,,,,,,,,,, 124740,,
,,,,,,,,,,,,,,, 124885,,
,,,,,,,,,,,,,,, 124965,,
,,,,,,,,,,,,,,, 125035,,
,,,,,,,,,,,,,,, 125110,,
,,,,,,,,,,,,,,, 125185,,
,,,,,,,,,,,,,,,,,
,,,,,,,,,,,,,,,,,
,,,,,,,,,,,,,,,,,
,,,,,,,,,,,,,,,,,
,,,,,,,,,,,,,,,,,
,,,,,,,,,,,,,,,,,
,,,,,,,,,,,,,,,,,
,,,,,,,,,,,,,,,,,
,,,,,,,,,,,,,,,,,
,,,,,,,,,,,,,,,,,
,,,,,,,,,,,,,,,,,
,,,,,,,,,,,,,,,,,
,,,,,,,,,,,,,,,,,
,,,,,,,,,,,,,,,,,
,,,,,,,,,,,,,,,,,
,,,,,,,,,,,,,,,,,
,,,,,,,,,,,,,,,,,
,,,,,,,,,,,,,,,,,
,,,,,,,,,,,,,,,,,
,,,,,,,,,,,,,,,,,
,,,,,,,,,,,,,,,,,
,,,,,,,,,,,,,,,,,
,,,,,,,,,,,,,,,,,
,,,,,,,,,,,,,,,,,
,,,,,,,,,,,,,,,,,
,,,,,,,,,,,,,,,,,
,,,,,,,,,,,,,,,,,
,,,,,,,,,,,,,,,,,
,,,,,,,,,,,,,,,,,
,,,,,,,,,,,,,,,,,
,,,,,,,,,,,,,,,,,
,,,,,,,,,,,,,,,,,
,,,,,,,,,,,,,,,,,
,,,,,,,,,,,,,,,,,
,,,,,,,,,,,,,,,,,
,,,,,,,,,,,,,,,,,
,,,,,,,,,,,,,,,,,
,,,,,,,,,,,,,,,,,
,,,,,,,,,,,,,,,,,
,,,,,,,,,,,,,,,,,
,,,,,,,,,,,,,,,,,
,,,,,,,,,,,,,,,,,
,,,,,,,,,,,,,,,,,
,,,,,,,,,,,,,,,,,
,,,,,,,,,,,,,,,,,
,,,,,,,,,,,,,,,,,
,,,,,,,,,,,,,,,,,
,,,,,,,,,,,,,,,,,
,,,,,,,,,,,,,,,,,
,,,,,,,,,,,,,,,,,
,,,,,,,,,,,,,,,,,
,,,,,,,,,,,,,,,,,
,,,,,,,,,,,,,,,,,
,,,,,,,,,,,,,,,,,
,,,,,,,,,,,,,,,,,
,,,,,,,,,,,,,,,,,
,,,,,,,,,,,,,,,,,
,,,,,,,,,,,,,,,,,
,,,,,,,,,,,,,,,,,
,,,,,,,,,,,,,,,,,
,,,,,,,,,,,,,,,,,
,,,,,,,,,,,,,,,,,
,,,,,,,,,,,,,,,,,
,,,,,,,,,,,,,,,,,
,,,,,,,,,,,,,,,,,
,,,,,,,,,,,,,,,,,
,,,,,,,,,,,,,,,,,
,,,,,,,,,,,,,,,,,
,,,,,,,,,,,,,,,,,
,,,,,,,,,,,,,,,,,
,,,,,,,,,,,,,,,,,
,,,,,,,,,,,,,,,,,
,,,,,,,,,,,,,,,,,
,,,,,,,,,,,,,,,,,
,,,,,,,,,,,,,,,,,
,,,,,,,,,,,,,,,,,
,,,,,,,,,,,,,,,,,
,,,,,,,,,,,,,,,,,
,,,,,,,,,,,,,,,,,
,,,,,,,,,,,,,,,,,
,,,,,,,,,,,,,,,,,
,,,,,,,,,,,,,,,,,
,,,,,,,,,,,,,,,,,
,,,,,,,,,,,,,,,,,
,,,,,,,,,,,,,,,,,
,,,,,,,,,,,,,,,,,
,,,,,,,,,,,,,,,,,
,,,,,,,,,,,,,,,,,
,,,,,,,,,,,,,,,,,
,,,,,,,,,,,,,,,,,
,,,,,,,,,,,,,,,,,
,,,,,,,,,,,,,,,,,
,,,,,,,,,,,,,,,,,
,,,,,,,,,,,,,,,,,
,,,,,,,,,,,,,,,,,
,,,,,,,,,,,,,,,,,
,,,,,,,,,,,,,,,,,
,,,,,,,,,,,,,,,,,
,,,,,,,,,,,,,,,,,
,,,,,,,,,,,,,,,,,
,,,,,,,,,,,,,,,,,
,,,,,,,,,,,,,,,,,
,,,,,,,,,,,,,,,,,
,,,,,,,,,,,,,,,,,
,,,,,,,,,,,,,,,,,
,,,,,,,,,,,,,,,,,
,,,,,,,,,,,,,,,,,
,,,,,,,,,,,,,,,,,
,,,,,,,,,,,,,,,,,
,,,,,,,,,,,,,,,,,
,,,,,,,,,,,,,,,,,
,,,,,,,,,,,,,,,,,
,,,,,,,,,,,,,,,,,
,,,,,,,,,,,,,,,,,
,,,,,,,,,,,,,,,,,
,,,,,,,,,,,,,,,,,
,,,,,,,,,,,,,,,,,
,,,,,,,,,,,,,,,,,
,,,,,,,,,,,,,,,,,
,,,,,,,,,,,,,,,,,
,,,,,,,,,,,,,,,,,
,,,,,,,,,,,,,,,,,
,,,,,,,,,,,,,,,,,
,,,,,,,,,,,,,,,,,
,,,,,,,,,,,,,,,,,
,,,,,,,,,,,,,,,,,
,,,,,,,,,,,,,,,,,
,,,,,,,,,,,,,,,,,
,,,,,,,,,,,,,,,,,
,,,,,,,,,,,,,,,,,
,,,,,,,,,,,,,,,,,
,,,,,,,,,,,,,,,,,
,,,,,,,,,,,,,,,,,
,,,,,,,,,,,,,,,,,
,,,,,,,,,,,,,,,,,
,,,,,,,,,,,,,,,,,
,,,,,,,,,,,,,,,,,
,,,,,,,,,,,,,,,,,
,,,,,,,,,,,,,,,,,
,,,,,,,,,,,,,,,,,
,,,,,,,,,,,,,,,,,
,,,,,,,,,,,,,,,,,
,,,,,,,,,,,,,,,,,
,,,,,,,,,,,,,,,,,
,,,,,,,,,,,,,,,,,
,,,,,,,,,,,,,,,,,
,,,,,,,,,,,,,,,,,
,,,,,,,,,,,,,,,,,
,,,,,,,,,,,,,,,,,
,,,,,,,,,,,,,,,,,
,,,,,,,,,,,,,,,,,
,,,,,,,,,,,,,,,,,
,,,,,,,,,,,,,,,,,
,,,,,,,,,,,,,,,,,
,,,,,,,,,,,,,,,,,
,,,,,,,,,,,,,,,,,
,,,,,,,,,,,,,,,,,
,,,,,,,,,,,,,,,,,
,,,,,,,,,,,,,,,,,
,,,,,,,,,,,,,,,,,
,,,,,,,,,,,,,,,,,
,,,,,,,,,,,,,,,,,
,,,,,,,,,,,,,,,,,
,,,,,,,,,,,,,,,,,
,,,,,,,,,,,,,,,,,
,,,,,,,,,,,,,,,,,
,,,,,,,,,,,,,,,,,
,,,,,,,,,,,,,,,,,
,,,,,,,,,,,,,,,,,
,,,,,,,,,,,,,,,,,
,,,,,,,,,,,,,,,,,
,,,,,,,,,,,,,,,,,
,,,,,,,,,,,,,,,,,
,,,,,,,,,,,,,,,,,
,,,,,,,,,,,,,,,,,
,,,,,,,,,,,,,,,,,
,,,,,,,,,,,,,,,,,
,,,,,,,,,,,,,,,,,
,,,,,,,,,,,,,,,,,
,,,,,,,,,,,,,,,,,
,,,,,,,,,,,,,,,,,
,,,,,,,,,,,,,,,,,
,,,,,,,,,,,,,,,,,
,,,,,,,,,,,,,,,,,
,,,,,,,,,,,,,,,,,
,,,,,,,,,,,,,,,,,
,,,,,,,,,,,,,,,,,
,,,,,,,,,,,,,,,,,
,,,,,,,,,,,,,,,,,
,,,,,,,,,,,,,,,,,
,,,,,,,,,,,,,,,,,
,,,,,,,,,,,,,,,,,
,,,,,,,,,,,,,,,,,
,,,,,,,,,,,,,,,,,
,,,,,,,,,,,,,,,,,
,,,,,,,,,,,,,,,,,
,,,,,,,,,,,,,,,,,
,,,,,,,,,,,,,,,,,
,,,,,,,,,,,,,,,,,
,,,,,,,,,,,,,,,,,
,,,,,,,,,,,,,,,,,
,,,,,,,,,,,,,,,,,
,,,,,,,,,,,,,,,,,
,,,,,,,,,,,,,,,,,
,,,,,,,,,,,,,,,,,
,,,,,,,,,,,,,,,,,
,,,,,,,,,,,,,,,,,
,,,,,,,,,,,,,,,,,
,,,,,,,,,,,,,,,,,
,,,,,,,,,,,,,,,,,
,,,,,,,,,,,,,,,,,
,,,,,,,,,,,,,,,,,
,,,,,,,,,,,,,,,,,
,,,,,,,,,,,,,,,,,
,,,,,,,,,,,,,,,,,
,,,,,,,,,,,,,,,,,
,,,,,,,,,,,,,,,,,
,,,,,,,,,,,,,,,,,
,,,,,,,,,,,,,,,,,
,,,,,,,,,,,,,,,,,
,,,,,,,,,,,,,,,,,
,,,,,,,,,,,,,,,,,
,,,,,,,,,,,,,,,,,
,,,,,,,,,,,,,,,,,
,,,,,,,,,,,,,,,,,
,,,,,,,,,,,,,,,,,
,,,,,,,,,,,,,,,,,
,,,,,,,,,,,,,,,,,
,,,,,,,,,,,,,,,,,
,,,,,,,,,,,,,,,,,
,,,,,,,,,,,,,,,,,
,,,,,,,,,,,,,,,,,
,,,,,,,,,,,,,,,,,
,,,,,,,,,,,,,,,,,
,,,,,,,,,,,,,,,,,
,,,,,,,,,,,,,,,,,
,,,,,,,,,,,,,,,,,
,,,,,,,,,,,,,,,,,
,,,,,,,,,,,,,,,,,
,,,,,,,,,,,,,,,,,
,,,,,,,,,,,,,,,,,
,,,,,,,,,,,,,,,,,
,,,,,,,,,,,,,,,,,
,,,,,,,,,,,,,,,,,
,,,,,,,,,,,,,,,,,
,,,,,,,,,,,,,,,,,
,,,,,,,,,,,,,,,,,
,,,,,,,,,,,,,,,,,
,,,,,,,,,,,,,,,,,
,,,,,,,,,,,,,,,,,
,,,,,,,,,,,,,,,,,
,,,,,,,,,,,,,,,,,
,,,,,,,,,,,,,,,,,
,,,,,,,,,,,,,,,,,
,,,,,,,,,,,,,,,,,
,,,,,,,,,,,,,,,,,
,,,,,,,,,,,,,,,,,
,,,,,,,,,,,,,,,,,
,,,,,,,,,,,,,,,,,
,,,,,,,,,,,,,,,,,
,,,,,,,,,,,,,,,,,
,,,,,,,,,,,,,,,,,
,,,,,,,,,,,,,,,,,
,,,,,,,,,,,,,,,,,
,,,,,,,,,,,,,,,,,
,,,,,,,,,,,,,,,,,
,,,,,,,,,,,,,,,,,
,,,,,,,,,,,,,,,,,
,,,,,,,,,,,,,,,,,
,,,,,,,,,,,,,,,,,
,,,,,,,,,,,,,,,,,
,,,,,,,,,,,,,,,,,
,,,,,,,,,,,,,,,,,
,,,,,,,,,,,,,,,,,
,,,,,,,,,,,,,,,,,
,,,,,,,,,,,,,,,,,
,,,,,,,,,,,,,,,,,
,,,,,,,,,,,,,,,,,
,,,,,,,,,,,,,,,,,
,,,,,,,,,,,,,,,,,
,,,,,,,,,,,,,,,,,
,,,,,,,,,,,,,,,,,
,,,,,,,,,,,,,,,,,
,,,,,,,,,,,,,,,,,
,,,,,,,,,,,,,,,,,
,,,,,,,,,,,,,,,,,
,,,,,,,,,,,,,,,,,
,,,,,,,,,,,,,,,,,
,,,,,,,,,,,,,,,,,
,,,,,,,,,,,,,,,,,
,,,,,,,,,,,,,,,,,
,,,,,,,,,,,,,,,,,
,,,,,,,,,,,,,,,,,
,,,,,,,,,,,,,,,,,
,,,,,,,,,,,,,,,,,
,,,,,,,,,,,,,,,,,
,,,,,,,,,,,,,,,,,
,,,,,,,,,,,,,,,,,
,,,,,,,,,,,,,,,,,
,,,,,,,,,,,,,,,,,
,,,,,,,,,,,,,,,,,
,,,,,,,,,,,,,,,,,
,,,,,,,,,,,,,,,,,
,,,,,,,,,,,,,,,,,
,,,,,,,,,,,,,,,,,
,,,,,,,,,,,,,,,,,
,,,,,,,,,,,,,,,,,
,,,,,,,,,,,,,,,,,
,,,,,,,,,,,,,,,,,
,,,,,,,,,,,,,,,,,
,,,,,,,,,,,,,,,,,
,,,,,,,,,,,,,,,,,
,,,,,,,,,,,,,,,,,
,,,,,,,,,,,,,,,,,
,,,,,,,,,,,,,,,,,
,,,,,,,,,,,,,,,,,
,,,,,,,,,,,,,,,,,
,,,,,,,,,,,,,,,,,
,,,,,,,,,,,,,,,,,
,,,,,,,,,,,,,,,,,
,,,,,,,,,,,,,,,,,
,,,,,,,,,,,,,,,,,
,,,,,,,,,,,,,,,,,
,,,,,,,,,,,,,,,,,
,,,,,,,,,,,,,,,,,
,,,,,,,,,,,,,,,,,
,,,,,,,,,,,,,,,,,
,,,,,,,,,,,,,,,,,
,,,,,,,,,,,,,,,,,
,,,,,,,,,,,,,,,,,
,,,,,,,,,,,,,,,,,
,,,,,,,,,,,,,,,,,
,,,,,,,,,,,,,,,,,
,,,,,,,,,,,,,,,,,
,,,,,,,,,,,,,,,,,
,,,,,,,,,,,,,,,,,
,,,,,,,,,,,,,,,,,
,,,,,,,,,,,,,,,,,
,,,,,,,,,,,,,,,,,
,,,,,,,,,,,,,,,,,
,,,,,,,,,,,,,,,,,
,,,,,,,,,,,,,,,,,
,,,,,,,,,,,,,,,,,
,,,,,,,,,,,,,,,,,
,,,,,,,,,,,,,,,,,
,,,,,,,,,,,,,,,,,
,,,,,,,,,,,,,,,,,
,,,,,,,,,,,,,,,,,
,,,,,,,,,,,,,,,,,
,,,,,,,,,,,,,,,,,
,,,,,,,,,,,,,,,,,
,,,,,,,,,,,,,,,,,
,,,,,,,,,,,,,,,,,
,,,,,,,,,,,,,,,,,
,,,,,,,,,,,,,,,,,
,,,,,,,,,,,,,,,,,
,,,,,,,,,,,,,,,,,
,,,,,,,,,,,,,,,,,
,,,,,,,,,,,,,,,,,
,,,,,,,,,,,,,,,,,
,,,,,,,,,,,,,,,,,
,,,,,,,,,,,,,,,,,
,,,,,,,,,,,,,,,,,
,,,,,,,,,,,,,,,,,
,,,,,,,,,,,,,,,,,
,,,,,,,,,,,,,,,,,
,,,,,,,,,,,,,,,,,
,,,,,,,,,,,,,,,,,
,,,,,,,,,,,,,,,,,
,,,,,,,,,,,,,,,,,
,,,,,,,,,,,,,,,,,
,,,,,,,,,,,,,,,,,
,,,,,,,,,,,,,,,,,
,,,,,,,,,,,,,,,,,
,,,,,,,,,,,,,,,,,
,,,,,,,,,,,,,,,,,
,,,,,,,,,,,,,,,,,
,,,,,,,,,,,,,,,,,
,,,,,,,,,,,,,,,,,
,,,,,,,,,,,,,,,,,
,,,,,,,,,,,,,,,,,
,,,,,,,,,,,,,,,,,
,,,,,,,,,,,,,,,,,
,,,,,,,,,,,,,,,,,
,,,,,,,,,,,,,,,,,
,,,,,,,,,,,,,,,,,
,,,,,,,,,,,,,,,,,
,,,,,,,,,,,,,,,,,
,,,,,,,,,,,,,,,,,
,,,,,,,,,,,,,,,,,
,,,,,,,,,,,,,,,,,
,,,,,,,,,,,,,,,,,
,,,,,,,,,,,,,,,,,
,,,,,,,,,,,,,,,,,
,,,,,,,,,,,,,,,,,
,,,,,,,,,,,,,,,,,
,,,,,,,,,,,,,,,,,
,,,,,,,,,,,,,,,,,
,,,,,,,,,,,,,,,,,
,,,,,,,,,,,,,,,,,
,,,,,,,,,,,,,,,,,
,,,,,,,,,,,,,,,,,
,,,,,,,,,,,,,,,,,
,,,,,,,,,,,,,,,,,
,,,,,,,,,,,,,,,,,
,,,,,,,,,,,,,,,,,
,,,,,,,,,,,,,,,,,
,,,,,,,,,,,,,,,,,
,,,,,,,,,,,,,,,,,
,,,,,,,,,,,,,,,,,
,,,,,,,,,,,,,,,,,
,,,,,,,,,,,,,,,,,
,,,,,,,,,,,,,,,,,
,,,,,,,,,,,,,,,,,
,,,,,,,,,,,,,,,,,
